id,area,feature,scope,specification,acceptance_criteria,open_questions
"overview.purpose","Overview","Developer fixture server","v1","Provide a small local mail server for application tests and development focused on reading and searching existing mail through IMAP.","An IMAP client can authenticate and inspect a loaded fixture without SMTP or POP3 running.","Which representative clients and search operations define the supported compatibility baseline?"
"overview.implementation","Overview","Kotlin/JVM and GreenMail","decision","Prefer Kotlin/JVM for the management layer and GreenMail for protocol handling and mailbox storage; do not implement IMAP independently.","Confirm the runtime and library version before implementation; demonstrate the required lifecycle operations with GreenMail.","README currently says Swift; confirm the language change and select compatible JVM and GreenMail versions."
"overview.responsibilities","Overview","Small management layer","v1","Own fixture discovery and validation; account identity; load and reset orchestration; CLI lifecycle; and connection reporting. Delegate IMAP authentication and protocol behavior to GreenMail.","Every supported management operation has defined fixture and runtime effects; protocol compatibility claims are bounded by the selected GreenMail version.","Which GreenMail capabilities require adaptation rather than direct reuse?"
"overview.exclusions","Overview","Scope boundaries","out-of-scope","Do not require SMTP or POP3; sending email; generating .eml files; production delivery; or a general-purpose hosted mail service.","Startup enables only the intended IMAP listener and management mechanism; loading mail never depends on SMTP delivery.","Any later protocol additions must be explicit opt-in extensions."
"model.scenario","Fixture model","Scenario and fixture terminology","v1","Use fixture to mean a reusable directory describing initial mailbox state; a scenario is a named fixture containing one or more accounts. A running environment contains the selected loaded accounts.","A scenario with two accounts can be discovered and loaded as a unit while either account can also be selected independently.","Confirm whether scenario and fixture are synonyms in user-facing terminology."
"model.account","Fixture model","Account identity and credentials","v1","An account describes a stable login identity; test credentials; and its folders and messages. Track which fixture supplied each loaded account.","Authentication succeeds only for explicitly loaded accounts; listing identifies each account and its source without revealing passwords by default.","Decide whether directory names encode full email logins or stable account IDs with login metadata; define case sensitivity and credential defaults."
"model.folder","Fixture model","Folders and hierarchy","v1","Represent folders with directories under an account; preserve nested folders and explicitly empty folders; establish a consistent INBOX convention.","A client can list and select INBOX and nested or empty folders; folder hierarchy matches the fixture convention.","Decide account/folder boundaries; INBOX casing; delimiter mapping; Unicode names; and invalid or reserved names."
"model.message","Fixture model","Existing .eml input","v1","Treat each .eml file as one message occurrence in its containing folder. Preserve MIME content and attachments through import as far as the chosen GreenMail stack supports.","Clients can fetch representative headers; bodies; attachments; and encoded content. Identical files with different paths remain distinct occurrences.","Confirm whether raw byte fidelity is possible or only semantic fidelity; do not promise byte-for-byte IMAP output before verification."
"model.metadata","Fixture model","Minimal JSON metadata","v1","Use optional JSON only for information absent from paths and message content; likely candidates are credentials; display labels; initial flags; and internal dates. Keep a usable directory-only path.","A minimal fixture loads using documented defaults; metadata can refine supported fields without duplicating message bodies or folder trees.","Choose metadata location and precedence; required versus optional fields; and which message-state fields are essential for v1."
"model.ordering","Fixture model","Stable message ordering","v1","Define deterministic account; folder; and message import ordering based on stable fixture paths unless explicit metadata overrides are adopted.","Repeated loads produce the same documented relative message order regardless of filesystem enumeration order.","Select the path comparison rule and decide whether explicit ordering metadata is needed."
"model.determinism","Fixture model","Deterministic initial state","v1","Reset restores accounts; folder hierarchy; message occurrences; and supported initial flags and internal dates from the registered source. Message dates inside .eml remain fixture data.","Two load/reset cycles yield equivalent documented mailbox state without duplicate messages or dependence on wall-clock load time.","Define defaults for flags and internal dates; distinguish reproducible mailbox contents from IMAP UID and UIDVALIDITY guarantees."
"model.uid","Fixture model","IMAP identity across reset","decision","Do not initially promise stable UIDs across account recreation. Treat reset as a mailbox lifecycle boundary and require clients to reconnect when sessions are invalidated.","Documentation states identity guarantees; verify that UIDVALIDITY behavior prevents clients from accepting stale cached message identities.","Can the selected GreenMail version safely invalidate caches when recreating folders or accounts?"
"filesystem.layout","Filesystem","Fixture directory convention","v1","Propose a fixture root containing named scenario directories; each scenario contains account directories; each account contains folder directories and .eml files. An explicit selector identifies the level to load.","Document a small tree with two scenarios; multiple accounts; INBOX; and a nested folder; discovery does not guess whether a folder is an account.","Finalize the layout and whether loading an account requires metadata from its parent scenario."
"filesystem.immutability","Filesystem","Read-only fixture source","v1","Read source files without updating; moving; or deleting them. Keep runtime mailbox state and any management state separate from fixture directories.","Loading; client mutations; deletion; and reset leave fixture files unchanged and work with a read-only fixture mount.","Decide whether the baseline is copied into memory or retained by source reference; account for large fixture sizes."
"filesystem.baseline","Filesystem","Source changes during a session","decision","Recommend pinning the selected fixture baseline at load time and detecting later source changes; require an explicit reload to adopt edited fixtures.","Reset does not silently combine old runtime state with newly edited files; a missing or changed source produces an actionable outcome.","Choose snapshot versus change-detection semantics and define reset behavior if the source disappears."
"filesystem.boundaries","Filesystem","Path and input boundaries","v1","Resolve selectors within the configured fixture root; reject path traversal and unsupported filesystem entries. Recommend rejecting symlinks initially and reporting unexpected files.","Validation identifies escaping paths; unreadable files; ambiguous layouts; and unsupported entries before mutation.","Decide ignored files; .eml extension casing; and whether safe internal symlinks are necessary."
"lifecycle.start","Lifecycle","Foreground startup and readiness","v1","Run the server as a foreground process; validate configuration and requested startup fixtures; bind IMAP; and report readiness only after initial loading completes.","A client connecting after readiness sees the complete initial state; bind or import failure exits unsuccessfully and releases resources.","Define readiness output and startup timeout; should an explicitly empty environment be allowed?"
"lifecycle.stop","Lifecycle","Graceful shutdown","v1","Support CLI stop and normal process termination signals; stop accepting connections; close sessions; and release listeners and management resources.","A stopped instance can be restarted on the same configured ports without orphaned management state.","Choose shutdown timeout and behavior for active client connections."
"lifecycle.control","Lifecycle","Commands reach the running process","decision","Management commands must address the process that owns GreenMail state; use a minimal local control mechanism shared by host and container CLI execution.","Separate CLI invocations load; list; delete; and reset accounts in the same running instance; unavailable or wrong instances fail clearly.","Choose local HTTP; local socket; or another small mechanism; decide instance discovery and local access protection. Avoid requiring a public management service."
"lifecycle.load-account","Lifecycle","Load or create one account","v1","Load a selected account independently; allow explicit creation of an empty managed account when required; register its baseline so it can be reset or recreated.","A selected account becomes usable without loading unrelated accounts; an empty account has a defined reset baseline.","Decide whether empty creation is a separate capability or represented by an empty fixture account."
"lifecycle.load-many","Lifecycle","Load scenarios and account sets","v1","Support loading one scenario; multiple selected scenarios; or all scenarios under an explicitly selected root, including complete sets of accounts.","The loaded account set matches the selection and listing reports each source fixture; unrelated loaded accounts are retained unless explicitly replaced.","Decide whether one batch is all-or-nothing or may report per-account outcomes."
"lifecycle.collisions","Lifecycle","Duplicate identity and repeated load","v1","Reject duplicate account identities across a selection and conflicts with loaded accounts by default. Replacement must be explicit; repeated load must never silently append duplicates.","A conflicting batch produces a diagnostic identifying both sources; explicit replacement restores the selected account baseline.","Choose replacement options and the treatment of account identity case differences."
"lifecycle.delete","Lifecycle","Remove a loaded account","v1","Delete the selected runtime account and its mailboxes without deleting fixture files. Keep fixture discovery independent of loaded state so the account can be loaded again.","Removed credentials no longer authenticate; recreating the account restores fixture contents; other accounts are unaffected.","Verify GreenMail removes mailbox data as well as credentials and determine how existing authenticated sessions are invalidated."
"lifecycle.reset","Lifecycle","Reset selected or all accounts","v1","Reset one account; a selected account set; or the entire loaded environment to registered baselines, removing session-created messages and folders and restoring fixture accounts.","Changes to bodies; flags; folders; and message presence are undone within the selected reset scope; unrelated accounts survive a targeted reset.","Does environment reset cover only currently registered accounts or also restore deleted startup accounts? Define whether clear-to-empty is a separate operation."
"lifecycle.sessions","Lifecycle","Client mutations and maintenance","v1","Allow GreenMail-supported IMAP mutations during tests while keeping source fixtures immutable; account replacement and reset may interrupt selected client sessions.","A client mutation affects runtime state only; reset restores the baseline and reports whether reconnection is required.","Choose whether clients must disconnect before maintenance or whether the manager can invalidate active sessions reliably."
"lifecycle.concurrency","Lifecycle","Management operation serialization","v1","Prevent overlapping load; delete; and reset operations from producing mixed baselines. Define completion and failure outcomes for each request.","Conflicting requests are serialized or rejected as busy; successful completion means the requested state is available to clients.","Decide the practical boundary for client access during mutations; avoid promising transactional isolation that GreenMail cannot provide."
"cli.capabilities","CLI","Management command surface","v1","Provide start; stop; load-one; load-many; list-available; list-loaded; delete; reset; validate; status; and IMAP connection information capabilities without fixing command names yet.","Help documents selectors; defaults; effects; and examples for each capability; commands can be used from scripts without interactive prompts.","Choose command grouping and names after the lifecycle and selector conventions are settled."
"cli.list","CLI","Available versus loaded inventory","v1","Distinguish discoverable source scenarios/accounts from accounts currently loaded in the running environment; expose identity; source; and useful mailbox counts.","Users can inspect fixture availability while the server is stopped and runtime inventory while it is running.","Choose concise output fields and whether counts reflect current runtime contents or baseline contents."
"cli.connection","CLI","Connection and status information","v1","Report readiness; effective IMAP host and port; transport mode; and available login identities. Reveal test passwords only through an explicit user request.","Connection output uses the actual bound port and explains client addresses for host and container use without printing secrets by default.","Define a machine-readable form and how mapped container host ports are supplied or documented."
"cli.output","CLI","Scriptable results and diagnostics","v1","Use stable success/failure exit behavior; send diagnostics to stderr; provide readable default output and a small machine-readable result form for automation.","A script can distinguish success; invalid input; unavailable server; and failed mutation without parsing incidental log prose.","Choose exit-code categories and result fields; exact output schema can follow after the command model."
"configuration.runtime","Configuration","Small configuration surface","v1","Configure fixture root; IMAP bind address and port; startup selection; management endpoint; and logging. Recommend CLI overrides over environment values over documented defaults.","Effective non-secret configuration is inspectable; invalid values fail before listeners become ready; no workstation-specific paths are built into fixtures.","Decide whether a runtime config file is necessary and whether dynamically allocated ports are supported in v1."
"configuration.exposure","Configuration","Local and container binding","v1","Recommend loopback binding on the host; allow an explicit container-friendly bind address. Restrict management access independently from IMAP and require explicitly configured accounts.","Host defaults accept local clients; the container profile supports published IMAP ports without implicitly publishing management access or auto-creating accounts.","Choose management authentication or local-only transport; document that credentials are for development fixtures."
"integration.greenmail","GreenMail","Version-pinned integration checks","v1","Reuse GreenMail IMAP and existing-message loading; verify folder creation; flags; dates; per-account cleanup; session interruption; and reset semantics before fixing the management contract.","An integration proof exercises multi-account nested folders; import; search; mutation; targeted deletion; and reset with only IMAP enabled.","Which operations are supported by stable GreenMail facilities and which need a small adapter? Reference: https://greenmail-mail-test.github.io/greenmail/"
"integration.compatibility","GreenMail","Bounded IMAP compatibility","v1","Support a documented baseline of authentication; folder listing and selection; message fetch; and representative IMAP searches through GreenMail.","Client-based checks cover headers; body text; flags; dates; MIME attachments; and multilingual messages; unsupported searches are documented.","Select client libraries and search combinations; verify international text and charset behavior rather than assuming full IMAP coverage."
"validation.structure","Validation","Offline fixture validation","v1","Validate directory roles; required identities; unique accounts; supported metadata; readable .eml inputs; paths; and supported folder names without requiring a running server.","Invalid fixtures produce deterministic diagnostics with the affected path and field; validation makes no source or runtime changes.","Choose handling for unknown metadata fields and metadata versioning; distinguish errors from warnings."
"validation.payloads","Validation","Unusual and malformed messages","v1","Accept unusual parseable MIME and charset payloads as useful fixtures. Do not impose normal-mail expectations on headers; distinguish structural failures from suspicious message content.","Edge-case fixture validation preserves usable unusual messages; unsupported or unparseable payloads identify the affected file and expected runtime behavior.","Choose warn-versus-reject policy for malformed .eml files; can intentionally invalid raw payloads be loaded without parser normalization?"
"errors.load","Error handling","Mutation failure boundaries","v1","Preflight a selection before runtime mutation; identify affected accounts on import failure and avoid reporting a partially loaded account as successfully loaded.","Bad metadata prevents mutation; runtime import failure returns unsuccessful status and clearly states retained; removed; and incomplete account state.","Decide cleanup and recovery guarantees for replacement failures; do not claim batch rollback until supported and verified."
"errors.runtime","Error handling","Actionable operation failures","v1","Report invalid selectors; missing accounts; duplicate identities; permission failures; source changes; listener conflicts; unavailable instances; and underlying import failures with corrective context.","Diagnostics identify operation and relevant account/path; expected user errors do not require a stack trace; debug logs avoid passwords and full message contents by default.","Choose stable diagnostic identifiers and whether delete/reset on a missing account should fail or support an explicit idempotent mode."
"containers.execution","Containers","Docker and Podman runtime","v1","Provide one foreground container image compatible with Docker and Podman; mount fixtures read-only at a documented path; configure selection and IMAP port; and run without writing to the source mount.","Equivalent Docker and Podman examples load mounted fixtures and let a host test client connect through a published IMAP port.","Choose supported architectures and JVM base image; establish fixture permissions and any writable runtime location for non-root execution."
"containers.management","Containers","Manage an already running container","v1","Expose the same management capabilities through container CLI execution or another documented local control path; support readiness checks and signal-driven shutdown.","Users can list; load; reset; and delete accounts in the running container without rebuilding the image; the container stays running while its server is healthy.","Choose exec-based management versus host access to the control endpoint and define health-check semantics."
"examples.catalog","Examples","Small reusable fixture collection","v1","Provide fixtures for normal messages; complex MIME and attachments; languages and charsets; multiple folders; multiple accounts; and unusual payloads, using existing .eml files.","Each example states expected account and folder contents and representative read/search behavior; examples validate and load reproducibly.","Choose redistribution-safe message samples and decide whether malformed-payload examples are expected warnings or failures."
"extensions.tls","Extensions","TLS-enabled IMAP","later","Consider IMAPS or STARTTLS with development certificates when client compatibility requires it; keep plain local IMAP sufficient for the initial baseline.","A later extension documents certificate trust and verifies encrypted client connections without changing fixture semantics.","Do target clients require TLS in v1? If so promote only the necessary transport support."
"extensions.readonly","Extensions","Strict IMAP read-only policy","later","Consider protocol-level restrictions on message and folder mutation as an optional mode; initial scope requires immutable fixture sources and repeatable reset only.","A future mode defines allowed commands and fails mutations consistently with supported GreenMail behavior.","Would reliable enforcement require extending the protocol layer and undermine the small management-layer goal?"
"extensions.advanced","Extensions","Advanced automation and fixture features","later","Consider richer per-message metadata; persistent runtime state; fixture composition; live reload; remote management; larger-fixture controls; and programmatic test helpers only after the basic lifecycle is proven.","Each extension has a concrete use case and explicit interaction with determinism; account collisions; and reset semantics.","Which recurring test needs justify complexity beyond filesystem fixtures and a CLI?"
