id,area,technology,role,requirement,dependency_kind,artifact_or_tool,version_policy,rationale,integration_notes,feature_refs,source_url
"runtime.jvm","Runtime","OpenJDK / Eclipse Temurin","Compile and execute the application.","v1-core","platform","JDK for development; compatible JVM runtime for distribution","Recommend Java 21 LTS as a conservative baseline; pin a supported patch release and verify the selected dependencies.","Use a maintained JVM distribution for Kotlin and GreenMail.","Set the Kotlin JVM target and Gradle toolchain consistently; README still describes Swift so the language change remains a design decision.","overview.implementation; containers.execution","https://adoptium.net/temurin/releases/"
"runtime.kotlin","Runtime","Kotlin/JVM and standard library","Implement the CLI and fixture management layer.","v1-core","direct-and-build","org.jetbrains.kotlin.jvm Gradle plugin; org.jetbrains.kotlin:kotlin-stdlib","Pin one Kotlin release compatible with the selected Gradle and JVM versions; align compiler plugins and standard library.","Provide Kotlin development ergonomics while using GreenMail's Java interfaces directly.","Keep the project JVM-only initially; a separate native runtime is unnecessary for the stated scope.","overview.implementation; overview.responsibilities","https://kotlinlang.org/docs/get-started-with-jvm-gradle-project.html"
"build.gradle","Build","Gradle Wrapper and Kotlin DSL","Resolve dependencies and run compilation and verification.","v1-core","build-tool","gradlew; gradlew.bat; build.gradle.kts; settings.gradle.kts","Pin the Wrapper distribution compatible with the Kotlin plugin and build JDK; record its checksum.","Give contributors and CI the same build tool without requiring a global Gradle installation.","Pin dependency versions and review the resolved graph; final compatibility requires a working build rather than independent version guesses.","overview.implementation; integration.greenmail","https://docs.gradle.org/current/userguide/gradle_wrapper.html"
"build.distribution","Packaging","Gradle Application plugin","Package the CLI with launcher scripts and runtime libraries.","v1-core","bundled-build-plugin","Gradle application plugin; installDist; distZip; distTar","Use the version bundled with the pinned Gradle distribution.","Provide a small distribution workflow suitable for host execution and copying into a container.","Recommend a distribution with separate dependency JARs initially; verify launcher signal behavior and include a compatible JVM in the container.","cli.capabilities; containers.execution; lifecycle.stop","https://docs.gradle.org/current/userguide/application_plugin.html"
"mail.greenmail","Mail server","GreenMail Core","Provide IMAP protocol handling and runtime mailbox storage.","v1-core","direct","com.icegreen:greenmail","Evaluate the stable 2.1.x line; pin a released patch after lifecycle and compatibility checks.","Reuse IMAP and filesystem import rather than build a protocol server.","Embed the core library; greenmail-core is a repository module name. Enable only IMAP and verify account cleanup; folders; reset; flags; dates; and session invalidation.","integration.greenmail; lifecycle.reset; overview.exclusions","https://raw.githubusercontent.com/greenmail-mail-test/greenmail/master/greenmail-core/pom.xml"
"mail.api","Mail libraries","Jakarta Mail API","Represent existing messages and access IMAP in integration tests.","v1-core","transitive-or-direct","jakarta.mail:jakarta.mail-api","Align with the selected GreenMail release; use the jakarta.mail namespace for the proposed 2.1.x baseline.","Provide standard message and mailbox interfaces.","GreenMail brings the API transitively; declare it directly if application or test code imports its types. Avoid mixing javax.mail and jakarta.mail stacks.","model.message; integration.compatibility","https://greenmail-mail-test.github.io/greenmail/"
"mail.provider","Mail libraries","Eclipse Angus Mail","Supply the Jakarta Mail implementation and an IMAP client for tests.","v1-core","transitive","org.eclipse.angus:jakarta.mail as declared by GreenMail; inspect the selected release graph","Keep the provider compatible with GreenMail's Jakarta Mail API; avoid independent overrides initially.","Reuse the mail provider already required by GreenMail.","Exercise read; fetch; search; and mutation through a real IMAP client; no sending feature or SMTP listener is required. Verify MIME and charset fidelity.","model.message; integration.compatibility; overview.exclusions","https://eclipse-ee4j.github.io/angus-mail/"
"mail.activation","Mail libraries","Jakarta Activation and Angus Activation","Support MIME content and attachment handling.","v1-core","transitive","jakarta.activation:jakarta.activation-api; org.eclipse.angus:angus-activation","Use versions resolved by the selected GreenMail release unless a verified alignment change is needed.","Provide MIME activation support in the existing mail stack.","Inspect the resolved runtime distribution to ensure the API and provider are packaged; no separate attachment framework is initially proposed.","model.message; integration.greenmail","https://raw.githubusercontent.com/greenmail-mail-test/greenmail/master/greenmail-core/pom.xml"
"cli.clikt","CLI","Clikt Core","Parse commands; selectors; options; and generate help.","v1-recommended","direct","com.github.ajalt.clikt:clikt-core","Pin a release compatible with the Kotlin/JVM baseline.","Provide a Kotlin command framework for the proposed grouped CLI.","Recommend the core artifact for simple script-friendly output; choose the Mordant-enabled variant only if richer terminal presentation is useful. Implement stable result and exit behavior in the application.","cli.capabilities; cli.output","https://ajalt.github.io/clikt/advanced/"
"json.serialization","Configuration","kotlinx.serialization JSON","Read fixture metadata and produce machine-readable CLI results.","v1-recommended","direct","org.jetbrains.kotlinx:kotlinx-serialization-json","Pin a runtime release compatible with the selected Kotlin compiler; runtime and compiler plugin version numbers need not match.","Use one Kotlin JSON library for the small metadata and result models.","Schema conventions remain open; parsing must be complemented by fixture validation and explicit unknown-field policy. Keep .eml bytes outside JSON serialization. Reuse this JSON library for the small supported Toxiproxy API subset if enabled.","model.metadata; validation.structure; cli.output; network.profiles","https://kotlinlang.org/docs/serialization.html"
"json.compiler-plugin","Build","Kotlin serialization compiler plugin","Generate serializers for declared Kotlin metadata and result types.","v1-recommended","build-plugin","org.jetbrains.kotlin.plugin.serialization","Use the same version as the Kotlin JVM compiler plugin.","Support typed JSON models without hand-writing serialization code.","Required when using generated serializers for application types; pure JSON-tree parsing can avoid this plugin if typed models are not adopted.","model.metadata; cli.output","https://kotlinlang.org/docs/serialization.html"
"filesystem.nio","Filesystem","Java NIO filesystem APIs","Discover and read fixture trees with explicit path boundaries.","v1-core","jdk-bundled","java.nio.file in java.base","Use the selected JVM's bundled implementation.","Cover path resolution; file reads; directory traversal; and filesystem metadata without another file utility library.","The application still defines stable sorting; selector boundaries; symlink policy; and source immutability. Filesystem APIs do not supply fixture semantics.","filesystem.layout; filesystem.boundaries; filesystem.immutability","https://docs.oracle.com/en/java/javase/21/docs/api/java.base/java/nio/file/package-summary.html"
"runtime.concurrency","Runtime","JDK concurrency utilities","Coordinate management operations and graceful shutdown.","v1-core","jdk-bundled","java.util.concurrent in java.base","Use the selected JVM's bundled implementation.","Support serialization of state-changing operations with a small runtime dependency surface.","Start with straightforward coordination suitable for GreenMail's blocking interfaces; coroutines are optional if later needs justify them. No transactional mailbox isolation is implied.","lifecycle.concurrency; lifecycle.stop","https://docs.oracle.com/en/java/javase/21/docs/api/java.base/java/util/concurrent/package-summary.html"
"management.http-server","Management transport","JDK HttpServer","Accept local CLI control requests in the running server process.","v1-conditional","jdk-bundled","com.sun.net.httpserver.HttpServer in jdk.httpserver","Use the selected JVM module; include it in any reduced runtime image.","A candidate for a small local HTTP control mechanism without an application web framework.","Use only if local HTTP is selected; bind management separately from IMAP and define instance discovery and access protection. A local socket choice would replace this row.","lifecycle.control; configuration.exposure; containers.management","https://docs.oracle.com/en/java/javase/21/docs/api/jdk.httpserver/com/sun/net/httpserver/HttpServer.html"
"management.http-client","Management transport","JDK HttpClient","Send CLI management requests when local HTTP is selected; also control the optional Toxiproxy daemon.","v1-conditional","jdk-bundled","java.net.http.HttpClient in java.net.http","Use the same JVM baseline as the CLI; retain this module in any reduced runtime image.","Pair the built-in client with a small local HTTP management endpoint.","Conditional on HTTP control; define request timeouts and unavailable-instance errors. Keep management traffic local by default and separate from IMAP client traffic. The Toxiproxy adapter needs HTTP independently of the application control-transport choice; reuse this JDK client and the existing JSON library when the extension is enabled.","lifecycle.control; cli.output; errors.runtime; network.optional; network.validation","https://docs.oracle.com/en/java/javase/21/docs/api/java.net.http/java/net/http/HttpClient.html"
"logging.slf4j","Logging","SLF4J API","Log application lifecycle and library diagnostics.","v1-core","transitive-or-direct","org.slf4j:slf4j-api","Match the API generation used by the selected GreenMail release.","Use the logging facade already employed by GreenMail.","Declare directly if application code imports it; choose exactly one compatible runtime logging provider and avoid routing loops.","errors.runtime; configuration.runtime","https://www.slf4j.org/api/org/slf4j/Logger.html"
"logging.logback","Logging","Logback Classic","Configure log levels and direct diagnostic logs to stderr.","v1-recommended","runtime-direct","ch.qos.logback:logback-classic; transitive logback-core","Pin a supported version compatible with the resolved SLF4J API and JVM.","Offer one configurable provider for application and GreenMail diagnostics.","Configure stderr explicitly so JSON stdout remains clean; avoid logging credentials or message contents by default. A simpler SLF4J provider is an alternative if configuration needs remain minimal.","cli.output; errors.runtime; configuration.runtime","https://logback.qos.ch/manual/configuration.html"
"test.junit","Testing","JUnit Jupiter and JUnit Platform","Run fixture validation; lifecycle; CLI; and IMAP integration tests.","v1-core","test-only","org.junit:junit-bom; org.junit.jupiter:junit-jupiter; org.junit.platform:junit-platform-launcher","Pin a compatible JUnit release using its BOM; configure Gradle useJUnitPlatform and verify compatibility with Kotlin test tooling.","Provide assertions; parameterized tests; temporary directories; and a standard JVM test runner.","Test management behavior and connect through IMAP for protocol-visible outcomes; launch the actual application for cross-process CLI checks. JUnit dependencies belong in test configurations.","integration.compatibility; model.determinism; validation.structure; lifecycle.control","https://docs.junit.org/6.1.3/overview.html"
"test.greenmail-extension","Testing","GreenMail JUnit extension","Optionally manage isolated GreenMail instances in adapter tests.","optional","test-only","com.icegreen:greenmail-junit5","Match the GreenMail Core version and verify compatibility with the chosen JUnit generation.","Provide a convenience lifecycle helper for narrowly scoped GreenMail integration tests.","Do not require this helper for production startup or tests of the application's own lifecycle; explicit setup and cleanup may be sufficient.","integration.greenmail; lifecycle.start; lifecycle.stop","https://greenmail-mail-test.github.io/greenmail/"
"container.docker","Containers","Docker Engine and CLI","Build and run the fixture-driven application image.","v1-supported","external-tool","docker build; docker run; docker exec; docker stop","Document and test a supported engine baseline; contributors may use Podman instead.","Support familiar image builds; read-only bind mounts; published ports; and in-container CLI management.","Not an application JVM dependency; use a custom image containing the management application rather than assuming stock GreenMail implements the proposed CLI.","containers.execution; containers.management","https://docs.docker.com/engine/containers/run/"
"container.podman","Containers","Podman","Provide an alternative container build and execution workflow.","v1-supported","external-tool","podman build; podman run; podman exec; podman stop","Document and test a supported Podman baseline with the same application image.","Support developers who use Podman rather than Docker.","Users need one engine rather than both; verify mount permissions; rootless execution; port publishing; and signal-driven shutdown on supported platforms.","containers.execution; containers.management","https://docs.podman.io/en/latest/markdown/podman-run.1.html"
"container.jvm-image","Containers","Eclipse Temurin JVM base image","Supply the container build JDK and runtime JVM.","v1-recommended","container-base","eclipse-temurin image family; explicit JDK builder and runtime tags","Match the selected Java major version; pin image digests at release and deliberately refresh them.","Use the same JVM family across host verification and container execution.","Select published tags and required architectures during packaging; run the application as non-root and include filesystem and any chosen management modules.","containers.execution; filesystem.immutability","https://hub.docker.com/_/eclipse-temurin"
"docs.flyb","Design documentation","flyb","Assemble the CSV design inputs and generate deterministic documentation.","design-tooling","external-tool","flyb validate; flyb generate markdown","Pin the repository-supported CLI version when the app.cue documentation model is introduced.","Continue the established design-meta workflow with reusable CSV source artifacts.","Used only for design documentation; not required to run the IMAP server. These CSV files remain design inputs until registered in a flyb configuration.","overview.responsibilities; cli.capabilities","https://github.com/flarebyte/baldrick-flying-buttress"
"network.toxiproxy","Optional network faults","Toxiproxy server","Proxy TCP connections between IMAP clients and GreenMail.","v1-optional","external-process","toxiproxy-server; separately managed host binary or container","Pin a released Toxiproxy version and verify latency; jitter; timeout; reset_peer; bandwidth; and proxy enable/disable behavior on supported platforms.","Provide opt-in network impairment without changing the IMAP protocol implementation.","Not embedded in the JVM and not needed for default startup or tests. Use the JDK HTTP client and existing JSON library for a narrow adapter; no extra Java Toxiproxy SDK or Go toolchain is initially required.","network.optional; network.profiles; network.tests","https://github.com/Shopify/toxiproxy/blob/main/README.md"
"container.toxiproxy-image","Containers","Toxiproxy companion image","Run the optional daemon on a private container network.","v1-optional","container-image","ghcr.io/shopify/toxiproxy","Use an explicit release tag and pinned digest matching the verified server version; check supported architectures.","Separate the optional proxy lifecycle from the default mail-server image.","Publish only the intended client-facing IMAP listener for proxied tests; keep API and backend internal. Support the same companion topology with Docker and Podman; normal forwarding still carries proxy overhead and failure risk.","network.containers; network.optional; network.status","https://github.com/Shopify/toxiproxy/blob/main/README.md"
